state,null_count,total_count,null_fraction,sn_sg_0,sn_sg_1,sn_sg_null,rc_sg_0,rc_sg_1
0,0,4,0.0,0.7575757575757573,0.12121212121212127,0.12121212121212127,0.006264562783707308,0.008090727537831183
1,0,0,0,0.7518759461626138,0.12406202691869314,0.12406202691869314,0.006264562783707308,0.008090727537831183
2,0,0,0,0.7351312957572813,0.13243435212135934,0.13243435212135934,0.018622362615063344,0.008090727537831183
3,0,0,0,0.7084649298020853,0.14576753509895737,0.14576753509895737,0.006264562783707308,0.008090727537831183
4,0,0,0,0.3333333333333333,0.3333333333333333,0.3333333333333333,0.006264562783707308,0.008090727537831183
5,1,1,1.0,0.3333333333333333,0.3333333333333333,0.3333333333333333,0.006264562783707308,0.008090727537831183
6,0,0,0,0.24401346108217378,0.5119730778356523,0.24401346108217378,0.006264562783707308,0.008090727537831183
7,0,0,0,0.2379658432324266,0.5240683135351468,0.2379658432324266,0.006264562783707308,0.008090727537831183
8,0,0,0,0.2341145289651611,0.5317709420696777,0.2341145289651611,0.006264562783707308,0.008090727537831183
9,0,1,0.0,0.23279179136383074,0.5344164172723387,0.23279179136383074,0.006264562783707308,0.008090727537831183
10,0,0,0,0.009593811203040115,0.9808123775939198,0.009593811203040115,0.006264562783707308,0.008090727537831183
11,0,0,0,0.11327872808958703,0.773442543820826,0.11327872808958703,0.006264562783707308,0.008090727537831183
12,0,0,0,0.21598509562013754,0.6864333710244278,0.09758153335543462,0.006264562783707308,0.008090727537831183
13,0,1,0.0,0.2733252994655934,0.609531261753023,0.11714343878138365,0.006264562783707308,0.008090727537831183
14,0,2,0.0,0.2805776707171174,0.6031565322205663,0.11626579706231625,0.006264562783707308,0.008090727537831183
15,0,2,0.0,0.28740895874946065,0.5948683317467603,0.11772270950377908,0.006264562783707308,0.008090727537831183
16,1,3,0.3333333333333333,0.2933902512726445,0.5850346735357209,0.12157507519163464,0.006264562783707308,0.008090727537831183
17,0,0,0,0.24889704482948125,0.6444291280829536,0.10667382708756501,0.048337675800210714,0.008090727537831183
18,0,0,0,0.5470564688618771,0.20578476812126237,0.24715876301686054,0.02658429862894033,0.008090727537831183
19,0,0,0,0.3521083868067359,0.29578322638652815,0.3521083868067359,0.006264562783707308,0.008090727537831183
20,0,0,0,0.3333333333333333,0.3333333333333333,0.3333333333333333,0.006264562783707308,0.008090727537831183
21,0,0,0,0.3333333333333333,0.3333333333333333,0.3333333333333333,0.006264562783707308,0.008090727537831183
22,0,0,0,0.3206220330372265,0.35875593392554705,0.3206220330372265,0.006264562783707308,0.008090727537831183
23,0,0,0,0.319910802987827,0.36017839402434604,0.319910802987827,0.004499111450522342,0.008090727537831183
24,0,0,0,0.32750915748408876,0.35680314953136394,0.3156876929845473,0.006264562783707308,0.008090727537831183
25,0,1,0.0,0.32779119025874637,0.3568745008182489,0.3153343089230048,0.006264562783707308,0.008090727537831183
26,0,0,0,0.3282188953054876,0.3564265842697922,0.31535452042472023,0.006264562783707308,0.008090727537831183
27,0,1,0.0,0.32876494673767703,0.355489198415458,0.315745854846865,0.006264562783707308,0.008090727537831183
28,0,0,0,0.5691373754016572,0.22752360364648205,0.20333902095186077,0.006264562783707308,0.008090727537831183
29,0,0,0,0.4728113222688525,0.3692716326553626,0.15791704507578502,0.006264562783707308,0.008090727537831183
30,0,0,0,0.4404317757935646,0.418408038103141,0.1411601861032944,0.006264562783707308,0.008090727537831183
31,0,1,0.0,0.4192708436313669,0.4396864445710412,0.1410427117975918,0.006264562783707308,0.008090727537831183
32,0,1,0.0,0.9999903956316859,7.307617367876403e-06,2.2967509463125614e-06,0.004655590653765836,0.04132419997222654
33,0,1,0.0,0.4953167855413048,0.3829108380576979,0.12177237640099717,0.006264562783707308,0.008090727537831183
34,0,0,0,0.5031364734980825,0.373051058258195,0.12381246824372256,0.006264562783707308,0.008090727537831183
35,0,1,0.0,0.6693566407922389,0.243894738561087,0.08674862064667414,0.006264562783707308,0.008090727537831183
36,0,0,0,0.7783273647557288,0.11705762793327863,0.10461500731099244,0.012084418950052678,0.008090727537831183
37,2,2,1.0,0.7703557387265025,0.11482213063674869,0.11482213063674869,0.006264562783707308,0.008090727537831183
38,0,0,0,0.7418046545951966,0.1290976727024017,0.1290976727024017,0.006264562783707308,0.014007492274638473
39,0,0,0,0.09583202073882895,0.8083359585223421,0.09583202073882895,0.03608388163415409,0.008090727537831183
40,0,0,0,0.08031506155814856,0.8393698768837029,0.08031506155814856,0.006264562783707308,0.008090727537831183
41,1,1,1.0,0.07090819121857987,0.8581836175628402,0.07090819121857987,0.006264562783707308,0.008090727537831183
42,0,1,0.0,0.06777316735822961,0.8644536652835408,0.06777316735822961,0.006264562783707308,0.01857375467821667
43,0,0,0,0.07090819121857987,0.8581836175628402,0.07090819121857987,0.006264562783707308,0.008090727537831183
44,0,0,0,0.28709860283563754,0.6506445120019815,0.06225688516238112,0.006264562783707308,0.008090727537831183
45,0,0,0,0.4019733030139646,0.5346423390542611,0.06338435793177427,0.006264562783707308,0.008090727537831183
46,0,0,0,0.8819921910593909,0.0590039044703046,0.0590039044703046,0.006264562783707308,0.008090727537831183
47,0,2,0.0,0.9177374716591278,0.041131264170436097,0.041131264170436097,0.007089817546069836,0.008090727537831183
48,0,1,0.0,0.9200684088815424,0.039965795559228814,0.039965795559228814,0.006264562783707308,0.008090727537831183
49,0,2,0.0,0.9200195212154035,0.03999023939229824,0.03999023939229824,0.006264562783707308,0.008090727537831183
50,0,1,0.0,0.9175872043064676,0.041206397846766246,0.041206397846766246,0.006264562783707308,0.008090727537831183
51,0,0,0,0.9040468486625927,0.0479765756687037,0.0479765756687037,0.006264562783707308,0.008090727537831183
52,0,0,0,0.887967684434456,0.056016157782771976,0.056016157782771976,0.006264562783707308,0.008090727537831183
53,0,0,0,0.7816120751086858,0.1091939624456571,0.1091939624456571,0.006264562783707308,0.008090727537831183
54,0,1,0.0,0.9873617693522907,0.006319115323854653,0.006319115323854653,0.010296783010695771,0.038235952447217315
55,0,0,0,0.9842266032143255,0.00788669839283726,0.00788669839283726,0.011440034301876019,0.008090727537831183
56,0,0,0,0.9731396941324685,0.013430152933765743,0.013430152933765743,0.03551339446546094,0.10319805532947936
57,0,0,0,0.9500220570806829,0.02498897145965858,0.02498897145965858,0.006264562783707308,0.008090727537831183
58,0,0,0,0.6755621119095849,0.16221894404520754,0.16221894404520754,0.1302628126992963,0.01044773700649688
59,0,0,0,0.7000888783635411,0.1499555608182295,0.1499555608182295,0.006264562783707308,0.008090727537831183
60,0,0,0,0.7155832198612785,0.14220839006936076,0.14220839006936076,0.006264562783707308,0.008090727537831183
61,0,1,0.0,0.7208765859284891,0.13956170703575546,0.13956170703575546,0.006264562783707308,0.008090727537831183
62,0,0,0,0.7155832198612785,0.14220839006936076,0.14220839006936076,0.006264562783707308,0.008090727537831183
63,0,0,0,0.7260235403217543,0.13698822983912282,0.13698822983912282,0.006264562783707308,0.02104767829820807
64,0,0,0,0.728361638923839,0.13581918053808054,0.13581918053808054,0.006264562783707308,0.008090727537831183
65,0,0,0,0.7609843196943195,0.1195078401528403,0.1195078401528403,0.006264562783707308,0.008090727537831183
66,0,1,0.0,0.7674410566746103,0.11627947166269481,0.11627947166269481,0.006264562783707308,0.008090727537831183
67,0,0,0,0.8457891337743673,0.07710543311281637,0.07710543311281637,0.006264562783707308,0.008090727537831183
68,0,1,0.0,0.8474467538452409,0.07627662307737955,0.07627662307737955,0.043383398779136474,0.008090727537831183
69,0,0,0,0.896619623103554,0.051690188448222964,0.051690188448222964,0.029227944123664817,0.008090727537831183
70,0,1,0.0,0.8547571259177791,0.07262143704111046,0.07262143704111046,0.006264562783707308,0.008090727537831183
71,1,1,1.0,0.8535459283804815,0.07322703580975926,0.07322703580975926,0.006264562783707308,0.006686551684158002
72,0,1,0.0,0.7856394721166546,0.10718026394167274,0.10718026394167274,0.006264562783707308,0.009156549952276122
73,0,0,0,0.7282749130117322,0.16870551945063714,0.1030195675376306,0.006264562783707308,0.008090727537831183
74,0,0,0,0.29756622405212035,0.6520363930307062,0.05039738291717351,0.006264562783707308,0.008090727537831183
75,0,0,0,0.2471164186783833,0.7104214350721172,0.04246214624949951,0.006264562783707308,0.008090727537831183
76,0,1,0.0,0.21063313585687649,0.7511421596446742,0.038224704498449294,0.0065228683712071096,0.008090727537831183
77,0,2,0.0,0.21096378101017527,0.7518222080196298,0.03721401097019491,0.006264562783707308,0.008090727537831183
78,0,0,0,0.2243419408793751,0.7349455455750372,0.04071251354558768,0.006264562783707308,0.008090727537831183
79,0,0,0,0.14952499951211817,0.7952832567379988,0.05519174374988298,0.006264562783707308,0.008090727537831183
80,1,1,1.0,0.3307598747669297,0.5318579427568929,0.1373821824761773,0.041055438659304215,0.009156549952276122
81,0,0,0,0.26482915992868433,0.3675854200356578,0.3675854200356578,0.014381457262872606,0.008090727537831183
82,0,1,0.0,0.26421475375184955,0.3678926231240753,0.3678926231240753,0.006264562783707308,0.008090727537831183
83,1,1,1.0,0.26482915992868433,0.3675854200356578,0.3675854200356578,0.006264562783707308,0.008090727537831183
84,0,0,0,0.5748926893465485,0.2125536553267258,0.2125536553267258,0.006264562783707308,0.008090727537831183
85,0,0,0,0.6068239185066514,0.19658804074667435,0.19658804074667435,0.006264562783707308,0.008090727537831183
86,1,1,1.0,0.7700423839075965,0.11497880804620174,0.11497880804620174,0.006264562783707308,0.008090727537831183
87,1,2,0.5,0.644024456575461,0.17798777171226943,0.17798777171226943,0.006264562783707308,0.008090727537831183
88,0,0,0,0.6317225116839843,0.18413874415800782,0.18413874415800782,0.006264562783707308,0.008090727537831183
89,1,1,1.0,0.823973015267683,0.08801349236615853,0.08801349236615853,0.006264562783707308,0.008090727537831183
90,0,1,0.0,0.8068427822290275,0.09657860888548628,0.09657860888548628,0.006264562783707308,0.008090727537831183
91,0,0,0,0.38113739689484466,0.30943130155257764,0.30943130155257764,0.006264562783707308,0.008090727537831183
92,0,1,0.0,0.38511587311302914,0.30744206344348546,0.30744206344348546,0.006264562783707308,0.008090727537831183
93,0,0,0,0.3878229069579746,0.3060885465210127,0.3060885465210127,0.006264562783707308,0.008090727537831183
94,0,0,0,0.4701955531338453,0.26490222343307734,0.26490222343307734,0.006264562783707308,0.008090727537831183
95,0,0,0,0.46188792402491796,0.269056037987541,0.269056037987541,0.006264562783707308,0.008090727537831183
96,0,0,0,0.3333333333333333,0.3333333333333333,0.3333333333333333,0.006264562783707308,0.008090727537831183
97,0,0,0,0.3333333333333333,0.3333333333333333,0.3333333333333333,0.006264562783707308,0.008090727537831183
98,1,1,1.0,0.3333333333333333,0.3333333333333333,0.3333333333333333,0.006264562783707308,0.008090727537831183
99,0,0,0,0.3333333333333333,0.3333333333333333,0.3333333333333333,0.006264562783707308,0.008090727537831183
